input.source,input.name,input.ap,input.states,input.edges,input.transitions,input.acc_sets,input.scc,input.nondetstates,input.nondeterministic,input.alternating,tool,exit_status,exit_code,time,output.ap,output.states,output.edges,output.transitions,output.acc_sets,output.scc,output.nondetstates,output.nondeterministic,output.alternating,,,,
data/automatons/genaut.hoa:1.1-20.7,,2,4,7,9,1,1,1,1,0,autfilt --file=%H --deterministic --generic --small | sed s/Buchi/'parity min even 1'/g | sed s/all/'parity min even 0'/g > %O,ok,0,0.00543466,2,4,6,8,1,1,1,1,0,432.64,5.85745315600001E-07,,
data/automatons/genaut.hoa:1.1-20.7,,2,4,7,9,1,1,1,1,0,autfilt,ok,0,0.00473331,2,4,7,9,1,1,1,1,0,432.64,2.1511795561E-06,,
data/automatons/genaut.hoa:21.1-48.7,,2,7,12,16,1,1,3,1,0,autfilt --file=%H --deterministic --generic --small | sed s/Buchi/'parity min even 1'/g | sed s/all/'parity min even 0'/g > %O,ok,0,0.0061746,2,7,11,15,1,1,2,1,0,316.84,6.45160000000048E-10,,
data/automatons/genaut.hoa:21.1-48.7,,2,7,12,16,1,1,3,1,0,autfilt,ok,0,0.00414116,2,7,12,16,1,1,3,1,0,316.84,4.2388221456E-06,,
data/automatons/randaut.hoa:1.1-127.7,,3,45,73,73,0,4,2,1,0,autfilt --file=%H --deterministic --generic --small | sed s/Buchi/'parity min even 1'/g | sed s/all/'parity min even 0'/g > %O,ok,0,0.00894604,3,45,73,73,0,4,2,1,0,408.04,7.5407356816E-06,,
data/automatons/randaut.hoa:1.1-127.7,,3,45,73,73,0,4,2,1,0,autfilt,ok,0,0.00478654,3,45,73,73,0,4,2,1,0,408.04,1.9978691716E-06,,
data/automatons/randaut.hoa:128.1-201.7,,1,26,39,39,0,3,7,1,0,autfilt --file=%H --deterministic --generic --small | sed s/Buchi/'parity min even 1'/g | sed s/all/'parity min even 0'/g > %O,ok,0,0.00704672,1,24,35,35,0,2,5,1,0,0.64,7.16934758399999E-07,,
data/automatons/randaut.hoa:128.1-201.7,,1,26,39,39,0,3,7,1,0,autfilt,ok,0,0.00415701,1,26,39,39,0,3,7,1,0,1.44,4.1738081401E-06,,
data/automatons/randaut.hoa:202.1-339.7,,2,52,77,77,0,2,4,1,0,autfilt --file=%H --deterministic --generic --small | sed s/Buchi/'parity min even 1'/g | sed s/all/'parity min even 0'/g > %O,ok,0,0.0102973,2,52,77,77,0,2,4,1,0,739.84,1.678786729E-05,,
data/automatons/randaut.hoa:202.1-339.7,,2,52,77,77,0,2,4,1,0,autfilt,ok,0,0.00412234,2,52,77,77,0,2,4,1,0,739.84,4.3166710756E-06,,
data/automatons/randaut.hoa:340.1-458.7,,3,44,66,66,0,4,3,1,0,autfilt --file=%H --deterministic --generic --small | sed s/Buchi/'parity min even 1'/g | sed s/all/'parity min even 0'/g > %O,ok,0,0.0104464,3,44,66,66,0,4,3,1,0,368.64,1.803191296E-05,,
data/automatons/randaut.hoa:340.1-458.7,,3,44,66,66,0,4,3,1,0,autfilt,ok,0,0.00436509,3,44,66,66,0,4,3,1,0,368.64,3.3668947081E-06,,
data/automatons/randaut.hoa:459.1-573.7,,3,42,64,64,0,1,1,1,0,autfilt --file=%H --deterministic --generic --small | sed s/Buchi/'parity min even 1'/g | sed s/all/'parity min even 0'/g > %O,ok,0,0.007752,3,42,64,64,0,1,1,1,0,295.84,2.408704E-06,,
data/automatons/randaut.hoa:459.1-573.7,,3,42,64,64,0,1,1,1,0,autfilt,ok,0,0.00423366,3,42,64,64,0,1,1,1,0,295.84,3.8664929956E-06,,
data/automatons/randaut.hoa:574.1-748.7,,1,63,103,103,0,6,21,1,0,autfilt --file=%H --deterministic --generic --small | sed s/Buchi/'parity min even 1'/g | sed s/all/'parity min even 0'/g > %O,ok,0,0.0127532,1,60,99,99,0,4,20,1,0,1239.04,4.294443024E-05,,
data/automatons/randaut.hoa:574.1-748.7,,1,63,103,103,0,6,21,1,0,autfilt,ok,0,0.0044793,1,63,103,103,0,6,21,1,0,1459.24,2.96080849E-06,,
data/automatons/randaut.hoa:749.1-890.7,,3,51,82,82,0,1,3,1,0,autfilt --file=%H --deterministic --generic --small | sed s/Buchi/'parity min even 1'/g | sed s/all/'parity min even 0'/g > %O,ok,0,0.0085271,3,48,79,79,0,1,2,1,0,538.24,5.41539440999999E-06,,
data/automatons/randaut.hoa:749.1-890.7,,3,51,82,82,0,1,3,1,0,autfilt,ok,0,0.00568941,3,51,82,82,0,1,3,1,0,686.44,2.60702148100001E-07,,
data/automatons/randaut.hoa:891.1-1068.7,,2,60,109,109,0,1,11,1,0,autfilt --file=%H --deterministic --generic --small | sed s/Buchi/'parity min even 1'/g | sed s/all/'parity min even 0'/g > %O,ok,0,0.0100759,2,60,109,109,0,1,11,1,0,1239.04,1.502260081E-05,,
data/automatons/randaut.hoa:891.1-1068.7,,2,60,109,109,0,1,11,1,0,autfilt,ok,0,0.00419812,2,60,109,109,0,1,11,1,0,1239.04,4.0075235344E-06,,
data/automatons/randaut.hoa:1069.1-1244.7,,4,59,108,108,0,2,4,1,0,autfilt --file=%H --deterministic --generic --small | sed s/Buchi/'parity min even 1'/g | sed s/all/'parity min even 0'/g > %O,ok,0,0.00944214,4,59,108,108,0,2,4,1,0,1169.64,1.05114717796E-05,,
data/automatons/randaut.hoa:1069.1-1244.7,,4,59,108,108,0,2,4,1,0,autfilt,ok,0,0.00460855,4,59,108,108,0,2,4,1,0,1169.64,2.5327131025E-06,,
data/automatons/randaut.hoa:1245.1-1285.7,,3,15,17,17,0,5,0,0,0,autfilt --file=%H --deterministic --generic --small | sed s/Buchi/'parity min even 1'/g | sed s/all/'parity min even 0'/g > %O,ok,0,0.00570121,3,15,17,17,1,5,0,0,0,96.04,2.48791464100001E-07,,
data/automatons/randaut.hoa:1245.1-1285.7,,3,15,17,17,0,5,0,0,0,autfilt,ok,0,0.00458779,3,15,17,17,0,5,0,0,0,96.04,2.5992210841E-06,,
data/automatons/randaut.hoa:1286.1-1395.7,,3,36,65,65,0,2,4,1,0,autfilt --file=%H --deterministic --generic --small | sed s/Buchi/'parity min even 1'/g | sed s/all/'parity min even 0'/g > %O,ok,0,0.00770871,3,36,65,65,0,2,4,1,0,125.44,2.2762058641E-06,,
data/automatons/randaut.hoa:1286.1-1395.7,,3,36,65,65,0,2,4,1,0,autfilt,ok,0,0.00569153,3,36,65,65,0,2,4,1,0,125.44,2.585417409E-07,,
data/automatons/randaut.hoa:1396.1-1565.7,,4,51,110,110,0,1,4,1,0,autfilt --file=%H --deterministic --generic --small | sed s/Buchi/'parity min even 1'/g | sed s/all/'parity min even 0'/g > %O,ok,0,0.00952535,4,51,110,110,0,1,4,1,0,686.44,0.000011058,,
data/automatons/randaut.hoa:1396.1-1565.7,,4,51,110,110,0,1,4,1,0,autfilt,ok,0,0.00454239,4,51,110,110,0,1,4,1,0,686.44,2.7476709121E-06,,
data/automatons/randaut.hoa:1566.1-1658.7,,1,30,54,54,0,4,11,1,0,autfilt --file=%H --deterministic --generic --small | sed s/Buchi/'parity min even 1'/g | sed s/all/'parity min even 0'/g > %O,ok,0,0.00835654,1,30,54,54,0,4,11,1,0,27.04,4.6506647716E-06,,
data/automatons/randaut.hoa:1566.1-1658.7,,1,30,54,54,0,4,11,1,0,autfilt,ok,0,0.0045952,1,30,54,54,0,4,11,1,0,27.04,2.57538304E-06,,
data/automatons/randaut.hoa:1659.1-1744.7,,1,28,49,49,0,1,14,1,0,autfilt --file=%H --deterministic --generic --small | sed s/Buchi/'parity min even 1'/g | sed s/all/'parity min even 0'/g > %O,ok,0,0.00835674,1,27,46,46,0,1,12,1,0,4.84,4.6515274276E-06,,
data/automatons/randaut.hoa:1659.1-1744.7,,1,28,49,49,0,1,14,1,0,autfilt,ok,0,0.00439852,1,28,49,49,0,1,14,1,0,10.24,3.2453301904E-06,,
data/automatons/randaut.hoa:1745.1-1835.7,,1,29,53,53,0,2,11,1,0,autfilt --file=%H --deterministic --generic --small | sed s/Buchi/'parity min even 1'/g | sed s/all/'parity min even 0'/g > %O,ok,0,0.00885425,1,26,48,48,0,2,10,1,0,1.44,0.000007045,,
data/automatons/randaut.hoa:1745.1-1835.7,,1,29,53,53,0,2,11,1,0,autfilt,ok,0,0.00424832,1,29,53,53,0,2,11,1,0,17.64,3.8090548224E-06,,
data/automatons/randaut.hoa:1836.1-2051.7,,3,59,148,148,0,1,13,1,0,autfilt --file=%H --deterministic --generic --small | sed s/Buchi/'parity min even 1'/g | sed s/all/'parity min even 0'/g > %O,ok,0,0.0101368,3,59,148,148,0,1,13,1,0,1169.64,1.549839424E-05,,
data/automatons/randaut.hoa:1836.1-2051.7,,3,59,148,148,0,1,13,1,0,autfilt,ok,0,0.00541924,3,59,148,148,0,1,13,1,0,1169.64,6.095861776E-07,,
data/automatons/randaut.hoa:2052.1-2224.7,,3,51,113,113,0,1,9,1,0,autfilt --file=%H --deterministic --generic --small | sed s/Buchi/'parity min even 1'/g | sed s/all/'parity min even 0'/g > %O,ok,0,0.00926926,3,51,113,113,0,1,9,1,0,686.44,9.42035694759999E-06,,
data/automatons/randaut.hoa:2052.1-2224.7,,3,51,113,113,0,1,9,1,0,autfilt,ok,0,0.00548538,3,51,113,113,0,1,9,1,0,686.44,5.10681744400001E-07,,
data/automatons/randaut.hoa:2225.1-2420.7,,3,58,129,129,0,1,14,1,0,autfilt --file=%H --deterministic --generic --small | sed s/Buchi/'parity min even 1'/g | sed s/all/'parity min even 0'/g > %O,ok,0,0.00975434,3,57,127,127,0,1,12,1,0,1036.84,1.26333328356E-05,,
data/automatons/randaut.hoa:2225.1-2420.7,,3,58,129,129,0,1,14,1,0,autfilt,ok,0,0.0046742,3,58,129,129,0,1,14,1,0,1102.24,2.32806564E-06,,
data/automatons/randaut.hoa:2421.1-2607.7,,4,53,125,125,0,1,10,1,0,autfilt --file=%H --deterministic --generic --small | sed s/Buchi/'parity min even 1'/g | sed s/all/'parity min even 0'/g > %O,ok,0,0.00973525,4,52,124,124,0,1,9,1,0,739.84,0.000012498,,
data/automatons/randaut.hoa:2421.1-2607.7,,4,53,125,125,0,1,10,1,0,autfilt,ok,0,0.00657245,4,53,125,125,0,1,10,1,0,795.24,1.387190025E-07,,
data/automatons/randaut.hoa:2608.1-2683.7,,3,24,43,43,0,1,2,1,0,autfilt --file=%H --deterministic --generic --small | sed s/Buchi/'parity min even 1'/g | sed s/all/'parity min even 0'/g > %O,ok,0,0.00699297,3,24,43,43,0,1,2,1,0,0.64,6.28801420899999E-07,,
data/automatons/randaut.hoa:2608.1-2683.7,,3,24,43,43,0,1,2,1,0,autfilt,ok,0,0.00427301,3,24,43,43,0,1,2,1,0,0.64,3.7132904601E-06,,
data/automatons/randaut.hoa:2684.1-2760.7,,3,24,44,44,0,1,3,1,0,autfilt --file=%H --deterministic --generic --small | sed s/Buchi/'parity min even 1'/g | sed s/all/'parity min even 0'/g > %O,ok,0,0.00818347,3,24,44,44,0,1,3,1,0,0.64,3.9341532409E-06,,
data/automatons/randaut.hoa:2684.1-2760.7,,3,24,44,44,0,1,3,1,0,autfilt,ok,0,0.00423307,3,24,44,44,0,1,3,1,0,0.64,3.8688136249E-06,,
data/automatons/randaut.hoa:2761.1-2863.7,,2,29,65,65,0,1,9,1,0,autfilt --file=%H --deterministic --generic --small | sed s/Buchi/'parity min even 1'/g | sed s/all/'parity min even 0'/g > %O,ok,0,0.0081718,2,29,65,65,0,1,9,1,0,17.64,0.000003888,,
data/automatons/randaut.hoa:2761.1-2863.7,,2,29,65,65,0,1,9,1,0,autfilt,ok,0,0.00506331,2,29,65,65,0,1,9,1,0,17.64,1.2920641561E-06,,
data/automatons/randaut.hoa:2864.1-2984.7,,4,36,76,76,0,1,4,1,0,autfilt --file=%H --deterministic --generic --small | sed s/Buchi/'parity min even 1'/g | sed s/all/'parity min even 0'/g > %O,ok,0,0.0080667,4,35,74,75,0,1,3,1,0,104.04,3.48456889E-06,,
data/automatons/randaut.hoa:2864.1-2984.7,,4,36,76,76,0,1,4,1,0,autfilt,ok,0,0.00452553,4,36,76,76,0,1,4,1,0,125.44,2.8038497809E-06,,
data/automatons/randaut.hoa:2985.1-3028.7,,4,15,20,20,0,6,0,0,0,autfilt --file=%H --deterministic --generic --small | sed s/Buchi/'parity min even 1'/g | sed s/all/'parity min even 0'/g > %O,ok,0,0.00691467,4,15,20,20,1,6,0,0,0,96.04,5.107532089E-07,,
data/automatons/randaut.hoa:2985.1-3028.7,,4,15,20,20,0,6,0,0,0,autfilt,ok,0,0.00428861,4,15,20,20,0,6,0,0,0,96.04,3.6534117321E-06,,
data/automatons/randaut.hoa:3029.1-3048.7,,3,5,6,6,0,2,0,0,0,autfilt --file=%H --deterministic --generic --small | sed s/Buchi/'parity min even 1'/g | sed s/all/'parity min even 0'/g > %O,ok,0,0.00570707,3,5,6,6,1,2,0,0,0,392.04,0.000000243,,
data/automatons/randaut.hoa:3029.1-3048.7,,3,5,6,6,0,2,0,0,0,autfilt,ok,0,0.00458658,3,5,6,6,0,2,0,0,0,392.04,2.6031240964E-06,,
data/automatons/randaut.hoa:3049.1-3175.7,,2,36,82,82,0,1,13,1,0,autfilt --file=%H --deterministic --generic --small | sed s/Buchi/'parity min even 1'/g | sed s/all/'parity min even 0'/g > %O,ok,0,0.0152172,2,35,80,81,0,1,11,1,0,104.04,8.130989584E-05,,
data/automatons/randaut.hoa:3049.1-3175.7,,2,36,82,82,0,1,13,1,0,autfilt,ok,0,0.00485695,2,36,82,82,0,1,13,1,0,125.44,1.8037833025E-06,,
data/automatons/randaut.hoa:3176.1-3203.7,,2,9,10,10,0,2,0,0,0,autfilt --file=%H --deterministic --generic --small | sed s/Buchi/'parity min even 1'/g | sed s/all/'parity min even 0'/g > %O,ok,0,0.00717667,2,9,10,10,1,2,0,0,0,249.64,9.538842889E-07,,
data/automatons/randaut.hoa:3176.1-3203.7,,2,9,10,10,0,2,0,0,0,autfilt,ok,0,0.00524806,2,9,10,10,0,2,0,0,0,249.64,9.06189763600002E-07,,
data/automatons/randaut.hoa:3204.1-3218.7,,2,3,3,3,0,3,0,0,0,autfilt --file=%H --deterministic --generic --small | sed s/Buchi/'parity min even 1'/g | sed s/all/'parity min even 0'/g > %O,ok,0,0.00585553,2,3,3,3,1,3,0,0,0,475.24,1.186595809E-07,,
data/automatons/randaut.hoa:3204.1-3218.7,,2,3,3,3,0,3,0,0,0,autfilt,ok,0,0.0050644,2,3,3,3,0,3,0,0,0,475.24,1.28958736E-06,,
data/automatons/randaut.hoa:3219.1-3308.7,,3,27,54,54,0,1,3,1,0,autfilt --file=%H --deterministic --generic --small | sed s/Buchi/'parity min even 1'/g | sed s/all/'parity min even 0'/g > %O,ok,0,0.00770723,3,27,54,54,0,1,3,1,0,4.84,2.2717422729E-06,,
data/automatons/randaut.hoa:3219.1-3308.7,,3,27,54,54,0,1,3,1,0,autfilt,ok,0,0.00534839,3,27,54,54,0,1,3,1,0,4.84,7.25239592100002E-07,,
data/automatons/randaut.hoa:3309.1-3442.7,,2,38,87,87,0,2,15,1,0,autfilt --file=%H --deterministic --generic --small | sed s/Buchi/'parity min even 1'/g | sed s/all/'parity min even 0'/g > %O,ok,0,0.00925594,2,38,87,87,0,2,15,1,0,174.24,9.3387692836E-06,,
data/automatons/randaut.hoa:3309.1-3442.7,,2,38,87,87,0,2,15,1,0,autfilt,ok,0,0.00457628,2,38,87,87,0,2,15,1,0,174.24,2.6364666384E-06,,
data/automatons/randaut.hoa:3443.1-3495.7,,2,15,29,29,0,1,3,1,0,autfilt --file=%H --deterministic --generic --small | sed s/Buchi/'parity min even 1'/g | sed s/all/'parity min even 0'/g > %O,ok,0,0.00633547,2,15,29,29,0,1,3,1,0,96.04,1.83521208999999E-08,,
data/automatons/randaut.hoa:3443.1-3495.7,,2,15,29,29,0,1,3,1,0,autfilt,ok,0,0.0042795,2,15,29,29,0,1,3,1,0,96.04,3.68832025E-06,,
data/automatons/randaut.hoa:3496.1-3575.7,,3,24,47,47,0,3,2,1,0,autfilt --file=%H --deterministic --generic --small | sed s/Buchi/'parity min even 1'/g | sed s/all/'parity min even 0'/g > %O,ok,0,0.00706956,3,24,47,47,0,3,2,1,0,0.64,7.56134593599999E-07,,
data/automatons/randaut.hoa:3496.1-3575.7,,3,24,47,47,0,3,2,1,0,autfilt,ok,0,0.00551382,3,24,47,47,0,3,2,1,0,0.64,4.70842992400001E-07,,
data/automatons/randaut.hoa:3576.1-3608.7,,3,10,14,14,0,2,1,1,0,autfilt --file=%H --deterministic --generic --small | sed s/Buchi/'parity min even 1'/g | sed s/all/'parity min even 0'/g > %O,ok,0,0.00565767,3,9,13,13,0,2,1,1,0,249.64,2.94121828900001E-07,,
data/automatons/randaut.hoa:3576.1-3608.7,,3,10,14,14,0,2,1,1,0,autfilt,ok,0,0.00409058,3,10,14,14,0,2,1,1,0,219.04,4.4496527364E-06,,
data/automatons/randaut.hoa:3609.1-3691.7,,2,25,49,49,0,1,5,1,0,autfilt --file=%H --deterministic --generic --small | sed s/Buchi/'parity min even 1'/g | sed s/all/'parity min even 0'/g > %O,ok,0,0.00701464,2,25,49,49,0,1,5,1,0,0.04,6.63638329599999E-07,,
data/automatons/randaut.hoa:3609.1-3691.7,,2,25,49,49,0,1,5,1,0,autfilt,ok,0,0.00532611,2,25,49,49,0,1,5,1,0,0.04,7.63683732100001E-07,,
data/automatons/randaut.hoa:3692.1-3775.7,,1,25,50,50,0,1,13,1,0,autfilt --file=%H --deterministic --generic --small | sed s/Buchi/'parity min even 1'/g | sed s/all/'parity min even 0'/g > %O,ok,0,0.00822541,1,24,48,48,0,1,12,1,0,0.64,4.1022856681E-06,,
data/automatons/randaut.hoa:3692.1-3775.7,,1,25,50,50,0,1,13,1,0,autfilt,ok,0,0.00453417,1,25,50,50,0,1,13,1,0,0.04,0.000002775,,
data/automatons/randaut.hoa:3776.1-3818.7,,1,13,21,21,0,5,3,1,0,autfilt --file=%H --deterministic --generic --small | sed s/Buchi/'parity min even 1'/g | sed s/all/'parity min even 0'/g > %O,ok,0,0.00594593,1,13,20,20,0,5,2,1,0,139.24,6.45515649000002E-08,,
data/automatons/randaut.hoa:3776.1-3818.7,,1,13,21,21,0,5,3,1,0,autfilt,ok,0,0.00425951,1,13,21,21,0,5,3,1,0,139.24,3.7655014401E-06,,
data/automatons/randaut.hoa:3819.1-3884.7,,1,20,37,37,0,4,9,1,0,autfilt --file=%H --deterministic --generic --small | sed s/Buchi/'parity min even 1'/g | sed s/all/'parity min even 0'/g > %O,ok,0,0.00700512,1,19,35,35,0,4,9,1,0,33.64,6.48218214399999E-07,,
data/automatons/randaut.hoa:3819.1-3884.7,,1,20,37,37,0,4,9,1,0,autfilt,ok,0,0.00440413,1,20,37,37,0,4,9,1,0,23.04,3.2251490569E-06,,
data/automatons/randaut.hoa:3885.1-3976.7,,2,25,58,58,0,1,9,1,0,autfilt --file=%H --deterministic --generic --small | sed s/Buchi/'parity min even 1'/g | sed s/all/'parity min even 0'/g > %O,ok,0,0.00799379,2,25,58,58,0,1,9,1,0,0.04,3.2176825641E-06,,
data/automatons/randaut.hoa:3885.1-3976.7,,2,25,58,58,0,1,9,1,0,autfilt,ok,0,0.00511009,2,25,58,58,0,1,9,1,0,0.04,1.1879038081E-06,,
data/automatons/randaut.hoa:3977.1-4026.7,,2,14,27,27,0,1,2,1,0,autfilt --file=%H --deterministic --generic --small | sed s/Buchi/'parity min even 1'/g | sed s/all/'parity min even 0'/g > %O,ok,0,0.00630707,2,14,27,27,0,1,2,1,0,116.64,1.14639849E-08,,
data/automatons/randaut.hoa:3977.1-4026.7,,2,14,27,27,0,1,2,1,0,autfilt,ok,0,0.00414089,2,14,27,27,0,1,2,1,0,116.64,4.2399339921E-06,,
data/automatons/randaut.hoa:4027.1-4101.7,,1,23,43,43,0,2,9,1,0,autfilt --file=%H --deterministic --generic --small | sed s/Buchi/'parity min even 1'/g | sed s/all/'parity min even 0'/g > %O,ok,0,0.0093544,1,22,42,42,0,2,8,1,0,7.84,9.95023935999999E-06,,
data/automatons/randaut.hoa:4027.1-4101.7,,1,23,43,43,0,2,9,1,0,autfilt,ok,0,0.00431437,1,23,43,43,0,2,9,1,0,3.24,3.5556004969E-06,,
data/automatons/randaut.hoa:4102.1-4154.7,,2,15,29,29,0,1,3,1,0,autfilt --file=%H --deterministic --generic --small | sed s/Buchi/'parity min even 1'/g | sed s/all/'parity min even 0'/g > %O,ok,0,0.00655178,2,15,29,29,0,1,3,1,0,96.04,1.237491684E-07,,
data/automatons/randaut.hoa:4102.1-4154.7,,2,15,29,29,0,1,3,1,0,autfilt,ok,0,0.00445874,2,15,29,29,0,1,3,1,0,96.04,0.000003032,,
data/automatons/randaut.hoa:4155.1-4242.7,,3,24,55,55,0,1,6,1,0,autfilt --file=%H --deterministic --generic --small | sed s/Buchi/'parity min even 1'/g | sed s/all/'parity min even 0'/g > %O,ok,0,0.00722077,3,24,55,55,0,1,6,1,0,0.64,0.000001042,,
data/automatons/randaut.hoa:4155.1-4242.7,,3,24,55,55,0,1,6,1,0,autfilt,ok,0,0.00447692,3,24,55,55,0,1,6,1,0,0.64,0.000002969,,
data/automatons/randaut.hoa:4243.1-4330.7,,2,24,55,55,0,1,8,1,0,autfilt --file=%H --deterministic --generic --small | sed s/Buchi/'parity min even 1'/g | sed s/all/'parity min even 0'/g > %O,ok,0,0.00823986,2,23,54,54,0,1,8,1,0,3.24,0.000004161,,
data/automatons/randaut.hoa:4243.1-4330.7,,2,24,55,55,0,1,8,1,0,autfilt,ok,0,0.00415375,2,24,55,55,0,1,8,1,0,0.64,4.1871390625E-06,,
data/automatons/randaut.hoa:4331.1-4354.7,,2,6,9,9,0,2,1,1,0,autfilt --file=%H --deterministic --generic --small | sed s/Buchi/'parity min even 1'/g | sed s/all/'parity min even 0'/g > %O,ok,0,0.00553052,2,6,9,9,0,2,1,1,0,353.44,4.48203470400001E-07,,
data/automatons/randaut.hoa:4331.1-4354.7,,2,6,9,9,0,2,1,1,0,autfilt,ok,0,0.00419077,2,6,9,9,0,2,1,1,0,353.44,0.000004037,,
data/automatons/randaut.hoa:4355.1-4388.7,,1,10,15,15,0,1,3,1,0,autfilt --file=%H --deterministic --generic --small | sed s/Buchi/'parity min even 1'/g | sed s/all/'parity min even 0'/g > %O,ok,0,0.00787561,1,10,15,15,0,1,3,1,0,219.04,2.8076688721E-06,,
data/automatons/randaut.hoa:4355.1-4388.7,,1,10,15,15,0,1,3,1,0,autfilt,ok,0,0.00445167,1,10,15,15,0,1,3,1,0,219.04,3.0566577889E-06,,
data/automatons/randaut.hoa:4389.1-4406.7,,1,4,5,5,0,1,1,1,0,autfilt --file=%H --deterministic --generic --small | sed s/Buchi/'parity min even 1'/g | sed s/all/'parity min even 0'/g > %O,ok,0,0.00536884,1,4,5,5,0,1,1,1,0,432.64,6.90826945600002E-07,,
data/automatons/randaut.hoa:4389.1-4406.7,,1,4,5,5,0,1,1,1,0,autfilt,ok,0,0.00414063,1,4,5,5,0,1,1,1,0,432.64,0.000004241,,
data/automatons/randaut.hoa:4407.1-4472.7,,2,19,38,38,0,1,6,1,0,autfilt --file=%H --deterministic --generic --small | sed s/Buchi/'parity min even 1'/g | sed s/all/'parity min even 0'/g > %O,ok,0,0.00655054,2,18,37,37,0,1,5,1,0,46.24,1.228782916E-07,,
data/automatons/randaut.hoa:4407.1-4472.7,,2,19,38,38,0,1,6,1,0,autfilt,ok,0,0.00482353,2,19,38,38,0,1,6,1,0,33.64,1.8946696609E-06,,
data/automatons/randaut.hoa:4473.1-4491.7,,1,4,6,6,0,2,1,1,0,autfilt --file=%H --deterministic --generic --small | sed s/Buchi/'parity min even 1'/g | sed s/all/'parity min even 0'/g > %O,ok,0,0.00536164,1,4,6,6,0,2,1,1,0,432.64,7.02847489600001E-07,,
data/automatons/randaut.hoa:4473.1-4491.7,,1,4,6,6,0,2,1,1,0,autfilt,ok,0,0.00426133,1,4,6,6,0,2,1,1,0,432.64,3.7584413689E-06,,
data/automatons/randaut.hoa:4492.1-4521.7,,1,9,12,12,0,1,1,1,0,autfilt --file=%H --deterministic --generic --small | sed s/Buchi/'parity min even 1'/g | sed s/all/'parity min even 0'/g > %O,ok,0,0.00558202,1,9,12,12,0,1,1,1,0,249.64,3.81899280400001E-07,,
data/automatons/randaut.hoa:4492.1-4521.7,,1,9,12,12,0,1,1,1,0,autfilt,ok,0,0.0046776,1,9,12,12,0,1,1,1,0,249.64,2.31770176E-06,,
data/automatons/randaut.hoa:4522.1-4575.7,,1,15,30,30,0,1,5,1,0,autfilt --file=%H --deterministic --generic --small | sed s/Buchi/'parity min even 1'/g | sed s/all/'parity min even 0'/g > %O,ok,0,0.0075173,1,15,29,29,0,1,5,1,0,96.04,1.73527929E-06,,
data/automatons/randaut.hoa:4522.1-4575.7,,1,15,30,30,0,1,5,1,0,autfilt,ok,0,0.00410358,1,15,30,30,0,1,5,1,0,96.04,0.000004395,,
data/automatons/randaut.hoa:4576.1-4627.7,,2,12,31,31,0,1,5,1,0,autfilt --file=%H --deterministic --generic --small | sed s/Buchi/'parity min even 1'/g | sed s/all/'parity min even 0'/g > %O,ok,0,0.00642436,2,12,31,31,0,1,5,1,0,163.84,5.03374095999999E-08,,
data/automatons/randaut.hoa:4576.1-4627.7,,2,12,31,31,0,1,5,1,0,autfilt,ok,0,0.00446121,2,12,31,31,0,1,5,1,0,163.84,3.0233906641E-06,,
data/automatons/randaut.hoa:4628.1-4649.7,,2,5,8,8,0,3,0,0,0,autfilt --file=%H --deterministic --generic --small | sed s/Buchi/'parity min even 1'/g | sed s/all/'parity min even 0'/g > %O,ok,0,0.00564585,2,5,8,8,1,3,0,0,0,392.04,3.07082222500001E-07,,
data/automatons/randaut.hoa:4628.1-4649.7,,2,5,8,8,0,3,0,0,0,autfilt,ok,0,0.00412361,2,5,8,8,0,3,0,0,0,392.04,4.3113954321E-06,,
data/automatons/randaut.hoa:4650.1-4740.7,,1,20,62,62,0,1,16,1,0,autfilt --file=%H --deterministic --generic --small | sed s/Buchi/'parity min even 1'/g | sed s/all/'parity min even 0'/g > %O,ok,0,0.008502,1,20,60,60,0,1,16,1,0,23.04,5.29920399999999E-06,,
data/automatons/randaut.hoa:4650.1-4740.7,,1,20,62,62,0,1,16,1,0,autfilt,ok,0,0.00420854,1,20,62,62,0,1,16,1,0,23.04,3.9659129316E-06,,
data/automatons/randaut.hoa:4741.1-4831.7,,2,20,62,62,0,1,11,1,0,autfilt --file=%H --deterministic --generic --small | sed s/Buchi/'parity min even 1'/g | sed s/all/'parity min even 0'/g > %O,ok,0,0.00780283,2,20,61,61,0,1,11,1,0,23.04,2.5690640089E-06,,
data/automatons/randaut.hoa:4741.1-4831.7,,2,20,62,62,0,1,11,1,0,autfilt,ok,0,0.00446201,2,20,62,62,0,1,11,1,0,23.04,3.0206092401E-06,,
data/automatons/randaut.hoa:4832.1-4905.7,,2,17,48,48,0,2,9,1,0,autfilt --file=%H --deterministic --generic --small | sed s/Buchi/'parity min even 1'/g | sed s/all/'parity min even 0'/g > %O,ok,0,0.00797067,2,17,48,48,0,2,9,1,0,60.84,3.1352722489E-06,,
data/automatons/randaut.hoa:4832.1-4905.7,,2,17,48,48,0,2,9,1,0,autfilt,ok,0,0.00454188,2,17,48,48,0,2,9,1,0,60.84,2.7493619344E-06,,
data/automatons/randaut.hoa:4906.1-4929.7,,3,6,9,9,0,3,0,0,0,autfilt --file=%H --deterministic --generic --small | sed s/Buchi/'parity min even 1'/g | sed s/all/'parity min even 0'/g > %O,ok,0,0.00551016,3,6,9,9,1,3,0,0,0,353.44,4.75879225600001E-07,,
data/automatons/randaut.hoa:4906.1-4929.7,,3,6,9,9,0,3,0,0,0,autfilt,ok,0,0.00414538,3,6,9,9,0,3,0,0,0,353.44,4.2214633444E-06,,
data/automatons/randaut.hoa:4930.1-4987.7,,1,13,36,36,0,1,9,1,0,autfilt --file=%H --deterministic --generic --small | sed s/Buchi/'parity min even 1'/g | sed s/all/'parity min even 0'/g > %O,ok,0,0.00827134,1,13,36,36,0,1,9,1,0,139.24,4.2904493956E-06,,
data/automatons/randaut.hoa:4930.1-4987.7,,1,13,36,36,0,1,9,1,0,autfilt,ok,0,0.00445692,1,13,36,36,0,1,9,1,0,139.24,3.0383278864E-06,,
data/automatons/randaut.hoa:4988.1-4998.7,,3,1,1,1,0,1,0,0,0,autfilt --file=%H --deterministic --generic --small | sed s/Buchi/'parity min even 1'/g | sed s/all/'parity min even 0'/g > %O,ok,0,0.00509313,3,1,1,1,1,1,0,0,0,566.44,1.2251611969E-06,,
data/automatons/randaut.hoa:4988.1-4998.7,,3,1,1,1,0,1,0,0,0,autfilt,ok,0,0.00421385,3,1,1,1,0,1,0,0,0,566.44,3.9447918225E-06,,
data/automatons/randaut.hoa:4999.1-5031.7,,2,8,16,16,0,3,4,1,0,autfilt --file=%H --deterministic --generic --small | sed s/Buchi/'parity min even 1'/g | sed s/all/'parity min even 0'/g > %O,ok,0,0.00612924,2,7,14,15,0,3,3,1,0,316.84,0.000000005,,
data/automatons/randaut.hoa:4999.1-5031.7,,2,8,16,16,0,3,4,1,0,autfilt,ok,0,0.00407883,2,8,16,16,0,3,4,1,0,282.24,4.4993621689E-06,,
data/automatons/randaut.hoa:5032.1-5098.7,,1,16,42,42,0,1,13,1,0,autfilt --file=%H --deterministic --generic --small | sed s/Buchi/'parity min even 1'/g | sed s/all/'parity min even 0'/g > %O,ok,0,0.00890357,1,16,42,42,0,1,13,1,0,77.44,7.30929074489999E-06,,
data/automatons/randaut.hoa:5032.1-5098.7,,1,16,42,42,0,1,13,1,0,autfilt,ok,0,0.00433054,1,16,42,42,0,1,13,1,0,77.44,3.4948806916E-06,,24.8306451613
,,,,,,,,,,,,,,0.006169621,,24.8306451613,,,,,,,,16.972834082,0.0020858779,,
,,,,,,,,,,,,,,0.76503301,,,,,,,,,,,,,
,,,,,,,,,,,,,,0.76503301,,,,,,,,,,,,,
,,,,,,,,,,,,,,0.76503301,,,,,,,,,,,,,
,,,,,,,,,,,,,,0.76503301,,,,,,,,,,,,,
,,,,,,,,,,,,,,0.76503301,,,,,,,,,,,,,
,,,,,,,,,,,,,,0.76503301,,,,,,,,,,,,,
,,,,,,,,,,,,,,0.76503301,,,,,,,,,,,,,
,,,,,,,,,,,,,,0.76503301,,,,,,,,,,,,,
