input.source,input.name,input.ap,input.states,input.edges,input.transitions,input.acc_sets,input.scc,input.nondetstates,input.nondeterministic,input.alternating,tool,exit_status,exit_code,time,output.ap,output.states,output.edges,output.transitions,output.acc_sets,output.scc,output.nondetstates,output.nondeterministic,output.alternating,,
data/automatons/genaut.hoa:1.1-20.7,,2,4,7,9,1,1,1,1,0,cat %H | build/bin/nba2ldba | autfilt --deterministic --generic --small | sed s/Buchi/'parity min even 1'/g | sed s/all/'parity min even 0'/g > %O,ok,0,0.3587,2,9,18,25,1,5,1,1,0,1436.41,0.00514089
data/automatons/genaut.hoa:1.1-20.7,,2,4,7,9,1,1,1,1,0,autfilt,ok,0,0.0041267,2,4,7,9,1,1,1,1,0,1840.41,0.0800173039
data/automatons/genaut.hoa:21.1-48.7,,2,7,12,16,1,1,3,1,0,cat %H | build/bin/nba2ldba | autfilt --deterministic --generic --small | sed s/Buchi/'parity min even 1'/g | sed s/all/'parity min even 0'/g > %O,ok,0,0.393642,2,34,82,102,1,9,3,1,0,166.41,0.0113725162
data/automatons/genaut.hoa:21.1-48.7,,2,7,12,16,1,1,3,1,0,autfilt,ok,0,0.00401868,2,7,12,16,1,1,3,1,0,1592.01,0.0800784275
data/automatons/randaut.hoa:1.1-127.7,,3,45,73,73,0,4,2,1,0,cat %H | build/bin/nba2ldba | autfilt --deterministic --generic --small | sed s/Buchi/'parity min even 1'/g | sed s/all/'parity min even 0'/g > %O,ok,0,0.443661,3,58,93,93,1,6,2,1,0,123.21,0.0245426689
data/automatons/randaut.hoa:1.1-127.7,,3,45,73,73,0,4,2,1,0,autfilt,ok,0,0.0045396,3,45,73,73,0,4,2,1,0,3.61,0.0797838776
data/automatons/randaut.hoa:128.1-201.7,,1,26,39,39,0,3,7,1,0,cat %H | build/bin/nba2ldba | autfilt --deterministic --generic --small | sed s/Buchi/'parity min even 1'/g | sed s/all/'parity min even 0'/g > %O,ok,0,0.410644,1,48,78,78,1,3,6,1,0,1.21,0.0152878387
data/automatons/randaut.hoa:128.1-201.7,,1,26,39,39,0,3,7,1,0,autfilt,ok,0,0.004268,1,26,39,39,0,3,7,1,0,436.81,0.0799373838
data/automatons/randaut.hoa:202.1-339.7,,2,52,77,77,0,2,4,1,0,cat %H | build/bin/nba2ldba | autfilt --deterministic --generic --small | sed s/Buchi/'parity min even 1'/g | sed s/all/'parity min even 0'/g > %O,ok,0,0.538092,2,56,85,85,1,2,0,0,0,82.81,0.0630471925
data/automatons/randaut.hoa:202.1-339.7,,2,52,77,77,0,2,4,1,0,autfilt,ok,0,0.00610666,2,52,77,77,0,2,4,1,0,26.01,0.0789010685
data/automatons/randaut.hoa:340.1-458.7,,3,44,66,66,0,4,3,1,0,cat %H | build/bin/nba2ldba | autfilt --deterministic --generic --small | sed s/Buchi/'parity min even 1'/g | sed s/all/'parity min even 0'/g > %O,ok,0,0.610197,3,45,68,69,1,4,1,1,0,3.61,0.1044563008
data/automatons/randaut.hoa:340.1-458.7,,3,44,66,66,0,4,3,1,0,autfilt,ok,0,0.00612688,3,44,66,66,0,4,3,1,0,8.41,0.0788897095
data/automatons/randaut.hoa:459.1-573.7,,3,42,64,64,0,1,1,1,0,cat %H | build/bin/nba2ldba | autfilt --deterministic --generic --small | sed s/Buchi/'parity min even 1'/g | sed s/all/'parity min even 0'/g > %O,ok,0,0.616214,3,44,69,69,1,2,0,0,0,8.41,0.1083818578
data/automatons/randaut.hoa:459.1-573.7,,3,42,64,64,0,1,1,1,0,autfilt,ok,0,0.00597577,3,42,64,64,0,1,1,1,0,24.01,0.0789746178
data/automatons/randaut.hoa:574.1-748.7,,1,63,103,103,0,6,21,1,0,cat %H | build/bin/nba2ldba | autfilt --deterministic --generic --small | sed s/Buchi/'parity min even 1'/g | sed s/all/'parity min even 0'/g > %O,ok,0,1.10596,1,265,491,491,1,7,26,1,0,47567.61,0.6706954816
data/automatons/randaut.hoa:574.1-748.7,,1,63,103,103,0,6,21,1,0,autfilt,ok,0,0.00604343,1,63,103,103,0,6,21,1,0,259.21,0.0789365942
data/automatons/randaut.hoa:749.1-890.7,,3,51,82,82,0,1,3,1,0,cat %H | build/bin/nba2ldba | autfilt --deterministic --generic --small | sed s/Buchi/'parity min even 1'/g | sed s/all/'parity min even 0'/g > %O,ok,0,0.611302,3,50,82,82,1,2,0,0,0,9.61,0.1051717872
data/automatons/randaut.hoa:749.1-890.7,,3,51,82,82,0,1,3,1,0,autfilt,ok,0,0.00680347,3,51,82,82,0,1,3,1,0,16.81,0.0785100954
data/automatons/randaut.hoa:891.1-1068.7,,2,60,109,109,0,1,11,1,0,cat %H | build/bin/nba2ldba | autfilt --deterministic --generic --small | sed s/Buchi/'parity min even 1'/g | sed s/all/'parity min even 0'/g > %O,ok,0,0.648798,2,98,200,200,1,2,0,0,0,2611.21,0.1308977928
data/automatons/randaut.hoa:891.1-1068.7,,2,60,109,109,0,1,11,1,0,autfilt,ok,0,0.00617122,2,60,109,109,0,1,11,1,0,171.61,0.0788648037
data/automatons/randaut.hoa:1069.1-1244.7,,4,59,108,108,0,2,4,1,0,cat %H | build/bin/nba2ldba | autfilt --deterministic --generic --small | sed s/Buchi/'parity min even 1'/g | sed s/all/'parity min even 0'/g > %O,ok,0,0.661294,4,61,118,118,1,2,0,0,0,198.81,0.1400959984
data/automatons/randaut.hoa:1069.1-1244.7,,4,59,108,108,0,2,4,1,0,autfilt,ok,0,0.00613478,4,59,108,108,0,2,4,1,0,146.41,0.0788852718
data/automatons/randaut.hoa:1245.1-1285.7,,3,15,17,17,0,5,0,0,0,cat %H | build/bin/nba2ldba | autfilt --deterministic --generic --small | sed s/Buchi/'parity min even 1'/g | sed s/all/'parity min even 0'/g > %O,ok,0,0.513879,3,22,26,26,1,6,1,1,0,620.01,0.0514740806
data/automatons/randaut.hoa:1245.1-1285.7,,3,15,17,17,0,5,0,0,0,autfilt,ok,0,0.00796946,3,15,17,17,0,5,0,0,0,1017.61,0.0778580423
data/automatons/randaut.hoa:1286.1-1395.7,,3,36,65,65,0,2,4,1,0,cat %H | build/bin/nba2ldba | autfilt --deterministic --generic --small | sed s/Buchi/'parity min even 1'/g | sed s/all/'parity min even 0'/g > %O,ok,0,0.582043,3,39,70,70,1,3,0,0,0,62.41,0.0870503718
data/automatons/randaut.hoa:1286.1-1395.7,,3,36,65,65,0,2,4,1,0,autfilt,ok,0,0.00654495,3,36,65,65,0,2,4,1,0,118.81,0.0786550351
data/automatons/randaut.hoa:1396.1-1565.7,,4,51,110,110,0,1,4,1,0,cat %H | build/bin/nba2ldba | autfilt --deterministic --generic --small | sed s/Buchi/'parity min even 1'/g | sed s/all/'parity min even 0'/g > %O,ok,0,0.812935,4,54,124,124,1,2,0,0,0,50.41,0.2766076242
data/automatons/randaut.hoa:1396.1-1565.7,,4,51,110,110,0,1,4,1,0,autfilt,ok,0,0.0114635,4,51,110,110,0,1,4,1,0,16.81,0.0759203628
data/automatons/randaut.hoa:1566.1-1658.7,,1,30,54,54,0,4,11,1,0,cat %H | build/bin/nba2ldba | autfilt --deterministic --generic --small | sed s/Buchi/'parity min even 1'/g | sed s/all/'parity min even 0'/g > %O,ok,0,1.00619,1,250,479,479,1,4,2,1,0,41249.61,0.5172342561
data/automatons/randaut.hoa:1566.1-1658.7,,1,30,54,54,0,4,11,1,0,autfilt,ok,0,0.00574113,1,30,54,54,0,4,11,1,0,285.61,0.079106552
data/automatons/randaut.hoa:1659.1-1744.7,,1,28,49,49,0,1,14,1,0,cat %H | build/bin/nba2ldba | autfilt --deterministic --generic --small | sed s/Buchi/'parity min even 1'/g | sed s/all/'parity min even 0'/g > %O,ok,0,0.609765,1,129,231,231,1,4,0,0,0,6740.41,0.1041772452
data/automatons/randaut.hoa:1659.1-1744.7,,1,28,49,49,0,1,14,1,0,autfilt,ok,0,0.00453468,1,28,49,49,0,1,14,1,0,357.21,0.079786657
data/automatons/randaut.hoa:1745.1-1835.7,,1,29,53,53,0,2,11,1,0,cat %H | build/bin/nba2ldba | autfilt --deterministic --generic --small | sed s/Buchi/'parity min even 1'/g | sed s/all/'parity min even 0'/g > %O,ok,0,0.482556,1,103,201,201,1,3,12,1,0,3147.21,0.0382421491
data/automatons/randaut.hoa:1745.1-1835.7,,1,29,53,53,0,2,11,1,0,autfilt,ok,0,0.00451552,1,29,53,53,0,2,11,1,0,320.41,0.0797974814
data/automatons/randaut.hoa:1836.1-2051.7,,3,59,148,148,0,1,13,1,0,cat %H | build/bin/nba2ldba | autfilt --deterministic --generic --small | sed s/Buchi/'parity min even 1'/g | sed s/all/'parity min even 0'/g > %O,ok,0,0.558118,3,125,414,418,1,2,1,1,0,6099.61,0.0735049699
data/automatons/randaut.hoa:1836.1-2051.7,,3,59,148,148,0,1,13,1,0,autfilt,ok,0,0.0045475,3,59,148,148,0,1,13,1,0,146.41,0.0797794148
data/automatons/randaut.hoa:2052.1-2224.7,,3,51,113,113,0,1,9,1,0,cat %H | build/bin/nba2ldba | autfilt --deterministic --generic --small | sed s/Buchi/'parity min even 1'/g | sed s/all/'parity min even 0'/g > %O,ok,0,0.541901,3,64,150,151,1,2,0,0,0,292.41,0.0649745198
data/automatons/randaut.hoa:2052.1-2224.7,,3,51,113,113,0,1,9,1,0,autfilt,ok,0,0.0059837,3,51,113,113,0,1,9,1,0,16.81,0.0789701609
data/automatons/randaut.hoa:2225.1-2420.7,,3,58,129,129,0,1,14,1,0,cat %H | build/bin/nba2ldba | autfilt --deterministic --generic --small | sed s/Buchi/'parity min even 1'/g | sed s/all/'parity min even 0'/g > %O,ok,0,0.649038,3,73,172,173,1,2,0,0,0,681.21,0.1310715134
data/automatons/randaut.hoa:2225.1-2420.7,,3,58,129,129,0,1,14,1,0,autfilt,ok,0,0.00602814,3,58,129,129,0,1,14,1,0,123.21,0.0789451861
data/automatons/randaut.hoa:2421.1-2607.7,,4,53,125,125,0,1,10,1,0,cat %H | build/bin/nba2ldba | autfilt --deterministic --generic --small | sed s/Buchi/'parity min even 1'/g | sed s/all/'parity min even 0'/g > %O,ok,0,0.68286,4,63,177,177,1,2,0,0,0,259.21,0.1567051396
data/automatons/randaut.hoa:2421.1-2607.7,,4,53,125,125,0,1,10,1,0,autfilt,ok,0,0.00620814,4,53,125,125,0,1,10,1,0,37.21,0.0788440686
data/automatons/randaut.hoa:2608.1-2683.7,,3,24,43,43,0,1,2,1,0,cat %H | build/bin/nba2ldba | autfilt --deterministic --generic --small | sed s/Buchi/'parity min even 1'/g | sed s/all/'parity min even 0'/g > %O,ok,0,0.560623,3,28,55,55,1,3,0,0,0,357.21,0.0748695461
data/automatons/randaut.hoa:2608.1-2683.7,,3,24,43,43,0,1,2,1,0,autfilt,ok,0,0.00780032,3,24,43,43,0,1,2,1,0,524.41,0.0779524613
data/automatons/randaut.hoa:2684.1-2760.7,,3,24,44,44,0,1,3,1,0,cat %H | build/bin/nba2ldba | autfilt --deterministic --generic --small | sed s/Buchi/'parity min even 1'/g | sed s/all/'parity min even 0'/g > %O,ok,0,0.582942,3,26,47,47,1,2,0,0,0,436.81,0.0875816674
data/automatons/randaut.hoa:2684.1-2760.7,,3,24,44,44,0,1,3,1,0,autfilt,ok,0,0.0106661,3,24,44,44,0,1,3,1,0,524.41,0.0763604243
data/automatons/randaut.hoa:2761.1-2863.7,,2,29,65,65,0,1,9,1,0,cat %H | build/bin/nba2ldba | autfilt --deterministic --generic --small | sed s/Buchi/'parity min even 1'/g | sed s/all/'parity min even 0'/g > %O,ok,0,0.6887,2,155,440,444,1,2,0,0,0,11685.61,0.16136289
data/automatons/randaut.hoa:2761.1-2863.7,,2,29,65,65,0,1,9,1,0,autfilt,ok,0,0.00598858,2,29,65,65,0,1,9,1,0,320.41,0.0789674182
data/automatons/randaut.hoa:2864.1-2984.7,,4,36,76,76,0,1,4,1,0,cat %H | build/bin/nba2ldba | autfilt --deterministic --generic --small | sed s/Buchi/'parity min even 1'/g | sed s/all/'parity min even 0'/g > %O,ok,0,0.624302,4,40,85,87,1,2,0,0,0,47.61,0.1137726392
data/automatons/randaut.hoa:2864.1-2984.7,,4,36,76,76,0,1,4,1,0,autfilt,ok,0,0.00658537,4,36,76,76,0,1,4,1,0,118.81,0.0786323647
data/automatons/randaut.hoa:2985.1-3028.7,,4,15,20,20,0,6,0,0,0,cat %H | build/bin/nba2ldba | autfilt --deterministic --generic --small | sed s/Buchi/'parity min even 1'/g | sed s/all/'parity min even 0'/g > %O,ok,0,0.549204,4,16,22,22,1,7,1,1,0,954.81,0.0687509376
data/automatons/randaut.hoa:2985.1-3028.7,,4,15,20,20,0,6,0,0,0,autfilt,ok,0,0.00699089,4,15,20,20,0,6,0,0,0,1017.61,0.0784051017
data/automatons/randaut.hoa:3029.1-3048.7,,3,5,6,6,0,2,0,0,0,cat %H | build/bin/nba2ldba | autfilt --deterministic --generic --small | sed s/Buchi/'parity min even 1'/g | sed s/all/'parity min even 0'/g > %O,ok,0,0.485722,3,5,6,6,1,2,0,0,0,1755.61,0.0394904333
data/automatons/randaut.hoa:3029.1-3048.7,,3,5,6,6,0,2,0,0,0,autfilt,ok,0,0.0087745,3,5,6,6,0,2,0,0,0,1755.61,0.0774094289
data/automatons/randaut.hoa:3049.1-3175.7,,2,36,82,82,0,1,13,1,0,cat %H | build/bin/nba2ldba | autfilt --deterministic --generic --small | sed s/Buchi/'parity min even 1'/g | sed s/all/'parity min even 0'/g > %O,ok,0,0.759527,2,199,609,609,1,2,0,0,0,23134.41,0.2232817657
data/automatons/randaut.hoa:3049.1-3175.7,,2,36,82,82,0,1,13,1,0,autfilt,ok,0,0.00587359,2,36,82,82,0,1,13,1,0,118.81,0.0790320584
data/automatons/randaut.hoa:3176.1-3203.7,,2,9,10,10,0,2,0,0,0,cat %H | build/bin/nba2ldba | autfilt --deterministic --generic --small | sed s/Buchi/'parity min even 1'/g | sed s/all/'parity min even 0'/g > %O,ok,0,0.524282,2,9,10,10,1,2,0,0,0,1436.41,0.0563027475
data/automatons/randaut.hoa:3176.1-3203.7,,2,9,10,10,0,2,0,0,0,autfilt,ok,0,0.00844661,2,9,10,10,0,2,0,0,0,1436.41,0.0775919911
data/automatons/randaut.hoa:3204.1-3218.7,,2,3,3,3,0,3,0,0,0,cat %H | build/bin/nba2ldba | autfilt --deterministic --generic --small | sed s/Buchi/'parity min even 1'/g | sed s/all/'parity min even 0'/g > %O,ok,0,0.471537,2,3,3,3,1,3,0,0,0,1927.21,0.0340539044
data/automatons/randaut.hoa:3204.1-3218.7,,2,3,3,3,0,3,0,0,0,autfilt,ok,0,0.00656263,2,3,3,3,0,3,0,0,0,1927.21,0.0786451185
data/automatons/randaut.hoa:3219.1-3308.7,,3,27,54,54,0,1,3,1,0,cat %H | build/bin/nba2ldba | autfilt --deterministic --generic --small | sed s/Buchi/'parity min even 1'/g | sed s/all/'parity min even 0'/g > %O,ok,0,0.571636,3,35,76,76,1,3,0,0,0,141.61,0.0810176525
data/automatons/randaut.hoa:3219.1-3308.7,,3,27,54,54,0,1,3,1,0,autfilt,ok,0,0.00611214,3,27,54,54,0,1,3,1,0,396.01,0.0788979899
data/automatons/randaut.hoa:3309.1-3442.7,,2,38,87,87,0,2,15,1,0,cat %H | build/bin/nba2ldba | autfilt --deterministic --generic --small | sed s/Buchi/'parity min even 1'/g | sed s/all/'parity min even 0'/g > %O,ok,0,0.579555,2,182,552,552,1,2,0,0,0,18252.01,0.085588428
data/automatons/randaut.hoa:3309.1-3442.7,,2,38,87,87,0,2,15,1,0,autfilt,ok,0,0.00424802,2,38,87,87,0,2,15,1,0,79.21,0.0799486822
data/automatons/randaut.hoa:3443.1-3495.7,,2,15,29,29,0,1,3,1,0,cat %H | build/bin/nba2ldba | autfilt --deterministic --generic --small | sed s/Buchi/'parity min even 1'/g | sed s/all/'parity min even 0'/g > %O,ok,0,0.394548,2,19,39,39,1,2,1,1,0,778.41,0.0115665723
data/automatons/randaut.hoa:3443.1-3495.7,,2,15,29,29,0,1,3,1,0,autfilt,ok,0,0.00635731,2,15,29,29,0,1,3,1,0,1017.61,0.0787603195
data/automatons/randaut.hoa:3496.1-3575.7,,3,24,47,47,0,3,2,1,0,cat %H | build/bin/nba2ldba | autfilt --deterministic --generic --small | sed s/Buchi/'parity min even 1'/g | sed s/all/'parity min even 0'/g > %O,ok,0,0.409862,3,42,76,76,1,5,6,1,0,24.01,0.015095071
data/automatons/randaut.hoa:3496.1-3575.7,,3,24,47,47,0,3,2,1,0,autfilt,ok,0,0.00548947,3,24,47,47,0,3,2,1,0,524.41,0.0792481785
data/automatons/randaut.hoa:3576.1-3608.7,,3,10,14,14,0,2,1,1,0,cat %H | build/bin/nba2ldba | autfilt --deterministic --generic --small | sed s/Buchi/'parity min even 1'/g | sed s/all/'parity min even 0'/g > %O,ok,0,0.373176,3,10,14,14,1,3,0,0,0,1361.61,0.007426303
data/automatons/randaut.hoa:3576.1-3608.7,,3,10,14,14,0,2,1,1,0,autfilt,ok,0,0.00434364,3,10,14,14,0,2,1,1,0,1361.61,0.0798946178
data/automatons/randaut.hoa:3609.1-3691.7,,2,25,49,49,0,1,5,1,0,cat %H | build/bin/nba2ldba | autfilt --deterministic --generic --small | sed s/Buchi/'parity min even 1'/g | sed s/all/'parity min even 0'/g > %O,ok,0,0.416249,2,37,80,80,1,2,0,0,0,98.01,0.016705304
data/automatons/randaut.hoa:3609.1-3691.7,,2,25,49,49,0,1,5,1,0,autfilt,ok,0,0.00483392,2,25,49,49,0,1,5,1,0,479.61,0.0796176967
data/automatons/randaut.hoa:3692.1-3775.7,,1,25,50,50,0,1,13,1,0,cat %H | build/bin/nba2ldba | autfilt --deterministic --generic --small | sed s/Buchi/'parity min even 1'/g | sed s/all/'parity min even 0'/g > %O,ok,0,0.57212,1,204,398,398,1,2,0,0,0,24680.41,0.0812934144
data/automatons/randaut.hoa:3692.1-3775.7,,1,25,50,50,0,1,13,1,0,autfilt,ok,0,0.00448074,1,25,50,50,0,1,13,1,0,479.61,0.0798171323
data/automatons/randaut.hoa:3776.1-3818.7,,1,13,21,21,0,5,3,1,0,cat %H | build/bin/nba2ldba | autfilt --deterministic --generic --small | sed s/Buchi/'parity min even 1'/g | sed s/all/'parity min even 0'/g > %O,ok,0,0.36741,1,24,41,41,1,6,4,1,0,524.41,0.0064657681
data/automatons/randaut.hoa:3776.1-3818.7,,1,13,21,21,0,5,3,1,0,autfilt,ok,0,0.00429001,1,13,21,21,0,5,3,1,0,1149.21,0.0799249384
data/automatons/randaut.hoa:3819.1-3884.7,,1,20,37,37,0,4,9,1,0,cat %H | build/bin/nba2ldba | autfilt --deterministic --generic --small | sed s/Buchi/'parity min even 1'/g | sed s/all/'parity min even 0'/g > %O,ok,0,0.795908,1,158,313,313,1,6,9,1,0,12343.21,0.2589873525
data/automatons/randaut.hoa:3819.1-3884.7,,1,20,37,37,0,4,9,1,0,autfilt,ok,0,0.00582809,1,20,37,37,0,4,9,1,0,723.61,0.079057643
data/automatons/randaut.hoa:3885.1-3976.7,,2,25,58,58,0,1,9,1,0,cat %H | build/bin/nba2ldba | autfilt --deterministic --generic --small | sed s/Buchi/'parity min even 1'/g | sed s/all/'parity min even 0'/g > %O,ok,0,0.45106,2,83,237,239,1,2,0,0,0,1303.21,0.0269156836
data/automatons/randaut.hoa:3885.1-3976.7,,2,25,58,58,0,1,9,1,0,autfilt,ok,0,0.00443568,2,25,58,58,0,1,9,1,0,479.61,0.0798425949
data/automatons/randaut.hoa:3977.1-4026.7,,2,14,27,27,0,1,2,1,0,cat %H | build/bin/nba2ldba | autfilt --deterministic --generic --small | sed s/Buchi/'parity min even 1'/g | sed s/all/'parity min even 0'/g > %O,ok,0,0.39916,2,23,52,52,1,2,1,1,0,571.21,0.0125798656
data/automatons/randaut.hoa:3977.1-4026.7,,2,14,27,27,0,1,2,1,0,autfilt,ok,0,0.00682215,2,14,27,27,0,1,2,1,0,1082.41,0.0784996276
data/automatons/randaut.hoa:4027.1-4101.7,,1,23,43,43,0,2,9,1,0,cat %H | build/bin/nba2ldba | autfilt --deterministic --generic --small | sed s/Buchi/'parity min even 1'/g | sed s/all/'parity min even 0'/g > %O,ok,0,0.598616,1,153,284,284,1,2,0,0,0,11257.21,0.0971045315
data/automatons/randaut.hoa:4027.1-4101.7,,1,23,43,43,0,2,9,1,0,autfilt,ok,0,0.00614108,1,23,43,43,0,2,9,1,0,571.21,0.0788817329
data/automatons/randaut.hoa:4102.1-4154.7,,2,15,29,29,0,1,3,1,0,cat %H | build/bin/nba2ldba | autfilt --deterministic --generic --small | sed s/Buchi/'parity min even 1'/g | sed s/all/'parity min even 0'/g > %O,ok,0,0.537898,2,19,39,39,1,2,1,1,0,778.41,0.0629498064
data/automatons/randaut.hoa:4102.1-4154.7,,2,15,29,29,0,1,3,1,0,autfilt,ok,0,0.00893944,2,15,29,29,0,1,3,1,0,1017.61,0.077317675
data/automatons/randaut.hoa:4155.1-4242.7,,3,24,55,55,0,1,6,1,0,cat %H | build/bin/nba2ldba | autfilt --deterministic --generic --small | sed s/Buchi/'parity min even 1'/g | sed s/all/'parity min even 0'/g > %O,ok,0,0.569982,3,33,88,89,1,2,0,0,0,193.21,0.0800788123
data/automatons/randaut.hoa:4155.1-4242.7,,3,24,55,55,0,1,6,1,0,autfilt,ok,0,0.00675061,3,24,55,55,0,1,6,1,0,524.41,0.0785397206
data/automatons/randaut.hoa:4243.1-4330.7,,2,24,55,55,0,1,8,1,0,cat %H | build/bin/nba2ldba | autfilt --deterministic --generic --small | sed s/Buchi/'parity min even 1'/g | sed s/all/'parity min even 0'/g > %O,ok,0,0.603113,2,67,196,196,1,2,1,1,0,404.01,0.0999274288
data/automatons/randaut.hoa:4243.1-4330.7,,2,24,55,55,0,1,8,1,0,autfilt,ok,0,0.00633968,2,24,55,55,0,1,8,1,0,524.41,0.0787702152
data/automatons/randaut.hoa:4331.1-4354.7,,2,6,9,9,0,2,1,1,0,cat %H | build/bin/nba2ldba | autfilt --deterministic --generic --small | sed s/Buchi/'parity min even 1'/g | sed s/all/'parity min even 0'/g > %O,ok,0,0.48999,2,11,18,18,1,3,2,1,0,1288.81,0.0412049401
data/automatons/randaut.hoa:4331.1-4354.7,,2,6,9,9,0,2,1,1,0,autfilt,ok,0,0.00790746,2,6,9,9,0,2,1,1,0,1672.81,0.0778926459
data/automatons/randaut.hoa:4355.1-4388.7,,1,10,15,15,0,1,3,1,0,cat %H | build/bin/nba2ldba | autfilt --deterministic --generic --small | sed s/Buchi/'parity min even 1'/g | sed s/all/'parity min even 0'/g > %O,ok,0,0.577577,1,30,45,45,1,2,0,0,0,285.61,0.0844349929
data/automatons/randaut.hoa:4355.1-4388.7,,1,10,15,15,0,1,3,1,0,autfilt,ok,0,0.00711618,1,10,15,15,0,1,3,1,0,1361.61,0.0783349527
data/automatons/randaut.hoa:4389.1-4406.7,,1,4,5,5,0,1,1,1,0,cat %H | build/bin/nba2ldba | autfilt --deterministic --generic --small | sed s/Buchi/'parity min even 1'/g | sed s/all/'parity min even 0'/g > %O,ok,0,0.482925,1,6,8,8,1,3,1,1,0,1672.81,0.0383866056
data/automatons/randaut.hoa:4389.1-4406.7,,1,4,5,5,0,1,1,1,0,autfilt,ok,0,0.00615462,1,4,5,5,0,1,1,1,0,1840.41,0.0788741275
data/automatons/randaut.hoa:4407.1-4472.7,,2,19,38,38,0,1,6,1,0,cat %H | build/bin/nba2ldba | autfilt --deterministic --generic --small | sed s/Buchi/'parity min even 1'/g | sed s/all/'parity min even 0'/g > %O,ok,0,0.554214,2,30,77,77,1,2,0,0,0,285.61,0.0714033218
data/automatons/randaut.hoa:4407.1-4472.7,,2,19,38,38,0,1,6,1,0,autfilt,ok,0,0.00717248,2,19,38,38,0,1,6,1,0,778.41,0.0783034409
data/automatons/randaut.hoa:4473.1-4491.7,,1,4,6,6,0,2,1,1,0,cat %H | build/bin/nba2ldba | autfilt --deterministic --generic --small | sed s/Buchi/'parity min even 1'/g | sed s/all/'parity min even 0'/g > %O,ok,0,0.483424,1,6,9,9,1,2,0,0,0,1672.81,0.0385823878
data/automatons/randaut.hoa:4473.1-4491.7,,1,4,6,6,0,2,1,1,0,autfilt,ok,0,0.0060644,1,4,6,6,0,2,1,1,0,1840.41,0.0789248113
data/automatons/randaut.hoa:4492.1-4521.7,,1,9,12,12,0,1,1,1,0,cat %H | build/bin/nba2ldba | autfilt --deterministic --generic --small | sed s/Buchi/'parity min even 1'/g | sed s/all/'parity min even 0'/g > %O,ok,0,0.501993,1,9,12,12,1,2,0,0,0,1436.41,0.04622199
data/automatons/randaut.hoa:4492.1-4521.7,,1,9,12,12,0,1,1,1,0,autfilt,ok,0,0.00671922,1,9,12,12,0,1,1,1,0,1436.41,0.0785573156
data/automatons/randaut.hoa:4522.1-4575.7,,1,15,30,30,0,1,5,1,0,cat %H | build/bin/nba2ldba | autfilt --deterministic --generic --small | sed s/Buchi/'parity min even 1'/g | sed s/all/'parity min even 0'/g > %O,ok,0,0.562002,1,66,125,125,1,3,0,0,0,364.81,0.0756261
data/automatons/randaut.hoa:4522.1-4575.7,,1,15,30,30,0,1,5,1,0,autfilt,ok,0,0.00658992,1,15,30,30,0,1,5,1,0,1017.61,0.078629813
data/automatons/randaut.hoa:4576.1-4627.7,,2,12,31,31,0,1,5,1,0,cat %H | build/bin/nba2ldba | autfilt --deterministic --generic --small | sed s/Buchi/'parity min even 1'/g | sed s/all/'parity min even 0'/g > %O,ok,0,0.557733,2,57,189,193,1,2,1,1,0,102.01,0.0732963573
data/automatons/randaut.hoa:4576.1-4627.7,,2,12,31,31,0,1,5,1,0,autfilt,ok,0,0.0051117,2,12,31,31,0,1,5,1,0,1218.01,0.0794610137
data/automatons/randaut.hoa:4628.1-4649.7,,2,5,8,8,0,3,0,0,0,cat %H | build/bin/nba2ldba | autfilt --deterministic --generic --small | sed s/Buchi/'parity min even 1'/g | sed s/all/'parity min even 0'/g > %O,ok,0,0.360621,2,5,8,8,1,3,0,0,0,1755.61,0.0054200516
data/automatons/randaut.hoa:4628.1-4649.7,,2,5,8,8,0,3,0,0,0,autfilt,ok,0,0.00436012,2,5,8,8,0,3,0,0,0,1755.61,0.0798853018
data/automatons/randaut.hoa:4650.1-4740.7,,1,20,62,62,0,1,16,1,0,cat %H | build/bin/nba2ldba | autfilt --deterministic --generic --small | sed s/Buchi/'parity min even 1'/g | sed s/all/'parity min even 0'/g > %O,ok,0,0.915044,1,211,432,436,1,173,17,1,0,26928.81,0.3944392659
data/automatons/randaut.hoa:4650.1-4740.7,,1,20,62,62,0,1,16,1,0,autfilt,ok,0,0.00753534,1,20,62,62,0,1,16,1,0,723.61,0.0781004962
data/automatons/randaut.hoa:4741.1-4831.7,,2,20,62,62,0,1,11,1,0,cat %H | build/bin/nba2ldba | autfilt --deterministic --generic --small | sed s/Buchi/'parity min even 1'/g | sed s/all/'parity min even 0'/g > %O,ok,0,0.897299,2,234,856,857,1,5,3,1,0,35006.41,0.3724648694
data/automatons/randaut.hoa:4741.1-4831.7,,2,20,62,62,0,1,11,1,0,autfilt,ok,0,0.0060283,2,20,62,62,0,1,11,1,0,723.61,0.0789450962
data/automatons/randaut.hoa:4832.1-4905.7,,2,17,48,48,0,2,9,1,0,cat %H | build/bin/nba2ldba | autfilt --deterministic --generic --small | sed s/Buchi/'parity min even 1'/g | sed s/all/'parity min even 0'/g > %O,ok,0,0.764048,2,162,588,593,1,2,1,1,0,13248.01,0.2275747943
data/automatons/randaut.hoa:4832.1-4905.7,,2,17,48,48,0,2,9,1,0,autfilt,ok,0,0.0083583,2,17,48,48,0,2,9,1,0,894.01,0.077641197
data/automatons/randaut.hoa:4906.1-4929.7,,3,6,9,9,0,3,0,0,0,cat %H | build/bin/nba2ldba | autfilt --deterministic --generic --small | sed s/Buchi/'parity min even 1'/g | sed s/all/'parity min even 0'/g > %O,ok,0,0.407594,3,10,16,16,1,4,1,1,0,1361.61,0.0145429128
data/automatons/randaut.hoa:4906.1-4929.7,,3,6,9,9,0,3,0,0,0,autfilt,ok,0,0.00648798,3,6,9,9,0,3,0,0,0,1672.81,0.0786869934
data/automatons/randaut.hoa:4930.1-4987.7,,1,13,36,36,0,1,9,1,0,cat %H | build/bin/nba2ldba | autfilt --deterministic --generic --small | sed s/Buchi/'parity min even 1'/g | sed s/all/'parity min even 0'/g > %O,ok,0,0.478047,1,68,135,135,1,4,1,1,0,445.21,0.0364989562
data/automatons/randaut.hoa:4930.1-4987.7,,1,13,36,36,0,1,9,1,0,autfilt,ok,0,0.00483929,1,13,36,36,0,1,9,1,0,1149.21,0.0796146663
data/automatons/randaut.hoa:4988.1-4998.7,,3,1,1,1,0,1,0,0,0,cat %H | build/bin/nba2ldba | autfilt --deterministic --generic --small | sed s/Buchi/'parity min even 1'/g | sed s/all/'parity min even 0'/g > %O,ok,0,0.358867,3,2,2,2,1,2,0,0,0,2016.01,0.0051648657
data/automatons/randaut.hoa:4988.1-4998.7,,3,1,1,1,0,1,0,0,0,autfilt,ok,0,0.00678226,3,1,1,1,0,1,0,0,0,2106.81,0.0785219818
data/automatons/randaut.hoa:4999.1-5031.7,,2,8,16,16,0,3,4,1,0,cat %H | build/bin/nba2ldba | autfilt --deterministic --generic --small | sed s/Buchi/'parity min even 1'/g | sed s/all/'parity min even 0'/g > %O,ok,0,0.397309,2,12,25,28,1,4,3,1,0,1218.01,0.0121680755
data/automatons/randaut.hoa:4999.1-5031.7,,2,8,16,16,0,3,4,1,0,autfilt,ok,0,0.00756031,2,8,16,16,0,3,4,1,0,1513.21,0.0780865403
data/automatons/randaut.hoa:5032.1-5098.7,,1,16,42,42,0,1,13,1,0,cat %H | build/bin/nba2ldba | autfilt --deterministic --generic --small | sed s/Buchi/'parity min even 1'/g | sed s/all/'parity min even 0'/g > %O,ok,0,0.712267,1,91,184,184,1,9,5,1,0,1944.81,0.1808520213
data/automatons/randaut.hoa:5032.1-5098.7,,1,16,42,42,0,1,13,1,0,autfilt,ok,0,0.00590602,1,16,42,42,0,1,13,1,0,954.81,0.0790138256
,,,,,,,,,,,,,,0.2872058176,,46.9435483871,,,,,,,,54.2300089523,0.3017224036
